{"train_loss": [1.078659905771899, 0.713588459220359, 0.6646827658017477, 0.6225780524858614, 0.6041419263777694, 0.5889933892503018, 0.5680265410886547, 0.5497670634006097, 0.538109466796968, 0.5304014249061181, 0.5158052264553744, 0.5079149242217947, 0.4978679709318208, 0.5009788064573838, 0.4997685615245889], "val_acc": [84.25596749619096, 90.55358049771458, 89.8425596749619, 91.36617572371762, 92.83900457084815, 94.36262061960386, 95.32757745048248, 95.47993905535805, 95.83544946673439, 96.44489588623667, 97.05434230573896, 96.90198070086338, 97.05434230573896, 97.10512950736414, 97.10512950736414], "lrs": [9.992283689130727e-05, 9.810730634874805e-05, 9.39630438162561e-05, 8.769066158308723e-05, 7.959378832841358e-05, 7.006437129657573e-05, 5.9563703214818054e-05, 4.860009238795489e-05, 3.770425689893645e-05, 2.7403634014023917e-05, 1.8196848403228327e-05, 1.0529575098859524e-05, 4.772965599617157e-06, 1.2056814528670835e-06, 4.0501970361892404e-10]}